Time,Symbol,Side,Entry Price,Exit Price,Size,Leverage,P&L,P&L %,Fees,Exit Reason,Duration (s)
"2025-12-13T14:25:47.714920","BNB/USDT","short","881.24","890.73","0.30638645544913984","10","-3.1236","-10.77","0.2160","signal_reversal","71115"
"2025-12-13T13:24:11.786021","ETH/USDT","short","3084.38","3103.62","0.0875378520156401","10","-1.9002","-6.24","0.2160","signal_reversal","58125"
"2025-12-13T11:45:28.805343","BTC/USDT","short","90150.8","90301","0.0029949817417039004","10","-0.6658","-1.67","0.2160","signal_reversal","52978"
"2025-12-13T10:48:53.136477","DOGE/USDT","long","0.13674","0.13948","493.6375603334796","10","1.3521","20.04","0.0275","take_profit_1","68767"
"2025-12-13T09:30:55.007469","ZEC/USDT","long","464.87","454.54","0.5808075375911546","10","-6.2157","-22.22","0.2160","SL Hit","3836"
"2025-12-13T08:23:01.406912","AVAX/USDT","short","13.178","13.442","20.488693276673242","10","-5.6250","-20.03","0.2160","SL Hit","49312"
"2025-12-13T08:18:35.054333","DOT/USDT","short","2.004","2.045","134.7305389221557","10","-5.7400","-20.46","0.2160","SL Hit","49008"
"2025-12-13T08:16:07.457011","LINK/USDT","short","13.559","13.843","19.912972933107163","10","-5.8713","-20.95","0.2160","SL Hit","44499"
"2025-12-13T03:44:54.032328","JUP/USDT","long","0.2005","0.2046","336.6583541147132","10","1.3810","20.45","0.0276","take_profit_1","40294"
"2025-12-12T21:15:19.527243","BCH/USDT","long","579.4","578.82","0.4659993096306524","10","-0.4863","-1.00","0.2160","signal_reversal","52936"
"2025-12-12T21:02:24.730635","ZEC/USDT","long","456.73","457.11","0.591158890372868","10","0.0086","0.83","0.2160","signal_reversal","20063"
"2025-12-12T18:50:11.636312","XRP/USDT","short","2.0229","2.0235","100.10381135992883","10","-0.2491","-0.30","0.1890","Breakeven SL","83537"
"2025-12-12T18:42:21.852904","ADA/USDT","long","0.4068","0.4153","165.92920353982302","10","1.4123","20.89","0.0276","take_profit_1","7668"
"2025-12-12T17:07:53.621151","AVAX/USDT","short","13.582","12.991","9.939625975555881","10","5.7123","43.51","0.1620","TSL Hit","14883"
"2025-12-12T16:27:39.723998","ADA/USDT","short","0.4255","0.4107","317.27379553466506","10","4.5337","34.78","0.1620","TSL Hit","69020"
"2025-12-12T16:27:39.139850","JUP/USDT","short","0.2195","0.2025","307.51708428246013","10","5.0928","77.45","0.1350","TSL Hit","69559"
"2025-12-12T16:22:00.780337","SUI/USDT","long","1.5728","1.5392","171.66836215666328","10","-5.9841","-21.36","0.2160","SL Hit","2760"
"2025-12-12T16:19:26.323303","FIL/USDT","long","1.345","1.317","200.74349442379182","10","-5.8368","-20.82","0.2160","SL Hit","3008"
"2025-12-12T15:58:31.797602","LTC/USDT","long","83.09","81.23","3.249488506438801","10","-6.2600","-22.39","0.2160","SL Hit","1792"
"2025-12-12T15:58:29.214191","ADA/USDT","short","0.4255","0.4078","158.63689776733256","10","2.6652","41.60","0.0259","take_profit_2","67269"
"2025-12-12T15:58:27.734704","XRP/USDT","short","2.0229","1.9804","33.367937119976276","10","1.3619","21.01","0.0264","take_profit_1","73233"
"2025-12-12T15:52:26.295616","AVAX/USDT","short","13.582","13.033","4.969812987777941","10","2.5922","40.42","0.0259","take_profit_2","10356"
"2025-12-12T15:42:40.554232","LINK/USDT","long","13.913","13.619","19.406310644720765","10","-5.9215","-21.13","0.2160","SL Hit","917"
"2025-12-12T15:35:54.071750","DOGE/USDT","long","0.14017","0.13728","1926.2324320468006","10","-5.7828","-20.62","0.2160","SL Hit","53388"
"2025-12-12T15:34:39.460863","JUP/USDT","short","0.2195","0.2058","307.51708428246013","10","3.9247","62.41","0.0253","take_profit_3","66379"
"2025-12-12T15:28:34.098465","AAVE/USDT","long","203","198.46","1.3300492610837438","10","-6.2544","-22.36","0.2160","SL Hit","35201"
"2025-12-12T15:28:33.721456","DOT/USDT","long","2.058","2.016","131.19533527696794","10","-5.7262","-20.41","0.2160","SL Hit","52910"
"2025-12-12T15:28:32.408952","ADA/USDT","short","0.4255","0.4157","158.63689776733256","10","1.4925","23.03","0.0264","take_profit_1","65472"
"2025-12-12T15:27:20.842646","BNB/USDT","short","887.84","885.58","0.30410884844116054","10","0.4713","2.55","0.2160","signal_reversal","9109"
"2025-12-12T15:27:18.834823","SOL/USDT","long","136.32","135.97","1.485475352112676","10","-0.7089","-2.57","0.1890","Breakeven SL","52756"
"2025-12-12T15:26:44.263177","AVAX/USDT","short","13.582","13.292","4.969812987777941","10","1.3840","21.35","0.0264","take_profit_1","8814"
"2025-12-12T15:04:13.048626","JUP/USDT","short","0.2195","0.2103","307.51708428246013","10","2.6847","41.91","0.0259","take_profit_2","64553"
"2025-12-12T12:59:44.633594","BTC/USDT","long","92278.7","92382.1","0.0029259189823870515","10","0.0865","1.12","0.2160","signal_reversal","44054"
"2025-12-12T12:55:29.197372","ETH/USDT","long","3215.08","3245.91","0.08397924779476716","10","2.3731","9.59","0.2160","signal_reversal","43319"
"2025-12-12T06:32:57.942197","ZEC/USDT","long","450.28","449.61","0.4497201741138847","10","-0.4903","-1.49","0.1890","Breakeven SL","23541"
"2025-12-12T06:00:43.218170","SOL/USDT","long","136.32","139.11","0.4951584507042254","10","1.3822","20.47","0.0276","take_profit_1","18761"
"2025-12-12T05:41:45.988837","NEAR/USDT","short","1.698","1.698","119.25795053003533","10","-0.1890","0.00","0.1890","Breakeven SL","30613"
"2025-12-12T01:22:04.675369","ZEC/USDT","long","450.28","459.37","0.14990672470462824","10","1.3626","20.19","0.0275","take_profit_1","4887"
"2025-12-12T00:53:22.523307","AAVE/USDT","long","189.24","202.36","0.3566899175649969","10","4.5448","69.33","0.1350","TSL Hit","35689"
"2025-12-12T00:48:33.655413","JUP/USDT","short","0.2195","0.215","307.51708428246013","10","1.3290","20.50","0.0264","take_profit_1","13214"
"2025-12-12T00:45:25.181413","ETH/USDT","short","3200.39","3229.29","0.08436471804998766","10","-2.6541","-9.03","0.2160","signal_reversal","33566"
"2025-12-12T00:06:13.699700","NEAR/USDT","short","1.698","1.662","39.75265017667844","10","1.3743","21.20","0.0264","take_profit_1","10480"
"2025-12-12T00:00:30.481870","AAVE/USDT","long","189.24","202.49","0.3566899175649968","10","5.0282","70.02","0.0289","take_profit_3","32517"
"2025-12-12T00:00:30.021084","BCH/USDT","short","558.76","573.74","0.48321282840575563","10","-7.4545","-26.81","0.2160","SL Hit","69968"
"2025-12-11T21:17:52.659536","DOGE/USDT","short","0.13894","0.14181","1943.2848711674103","10","-5.7932","-20.66","0.2160","SL Hit","6465"
"2025-12-11T21:17:50.447647","LTC/USDT","short","81.47","83.1","3.3141033509267217","10","-5.6180","-20.01","0.2160","SL Hit","57318"
"2025-12-11T21:08:52.509144","AVAX/USDT","short","13.145","13.437","20.540129326740207","10","-6.2137","-22.21","0.2160","SL Hit","10496"
"2025-12-11T21:07:34.763973","AAVE/USDT","long","189.24","196.95","0.3566899175649968","10","2.8340","40.74","0.0281","take_profit_2","22141"
"2025-12-11T21:07:34.325063","BTC/USDT","short","90165.6","91974.4","0.0029944901381458115","10","-5.6324","-20.06","0.2160","SL Hit","53273"
"2025-12-11T20:57:09.683186","LINK/USDT","short","13.647","13.932","19.784568036931194","10","-5.8546","-20.88","0.2160","SL Hit","56039"
"2025-12-11T20:42:11.152788","NEAR/USDT","short","1.688","1.689","119.96445497630333","10","-0.3090","-0.59","0.1890","Breakeven SL","56482"
"2025-12-11T18:43:42.789228","XRP/USDT","short","2.1078","2.0128","64.04782237403927","10","5.9225","45.07","0.1620","TSL Hit","80814"
"2025-12-11T18:43:42.389436","DOGE/USDT","short","0.14736","0.13851","458.0618892508144","10","3.9188","60.06","0.1350","TSL Hit","84906"
"2025-12-11T18:13:52.823821","SOL/USDT","short","130.72","133.37","2.065483476132191","10","-5.6895","-20.27","0.2160","SL Hit","36248"
"2025-12-11T16:46:31.077939","AAVE/USDT","long","189.24","193.04","0.3566899175649968","10","1.3551","20.08","0.0275","take_profit_1","6478"
"2025-12-11T15:25:54.052041","SUI/USDT","short","1.559","1.5596","129.89095574085954","10","-0.2669","-0.38","0.1890","Breakeven SL","38045"
"2025-12-11T14:53:20.783654","AAVE/USDT","short","190.52","189","1.4171740499685073","10","1.9381","7.98","0.2160","signal_reversal","34286"
"2025-12-11T14:31:24.722347","SUI/USDT","short","1.559","1.5232","43.29698524695318","10","1.4881","22.96","0.0264","take_profit_1","34775"
"2025-12-11T10:19:24.061273","NEAR/USDT","short","1.688","1.654","39.98815165876778","10","1.3058","20.14","0.0265","take_profit_1","19115"
"2025-12-11T08:09:38.249230","ADA/USDT","short","0.4716","0.424","143.12977099236642","10","6.1010","100.93","0.0243","take_profit_4","42843"
"2025-12-11T06:19:36.721655","ZEC/USDT","short","404.71","413.75","0.6671443749845569","10","-6.2470","-22.34","0.2160","SL Hit","5643"
"2025-12-11T04:38:40.230317","ZEC/USDT","short","399.81","407.85","0.6753207773692503","10","-5.6456","-20.11","0.2160","SL Hit","6972"
"2025-12-11T02:17:05.654039","DOGE/USDT","short","0.14736","0.13842","458.0618892508144","10","3.8213","60.67","0.0254","take_profit_3","25709"
"2025-12-11T02:00:23.711837","BTC/USDT","long","92465.1","90531.7","0.0029200206348124857","10","-5.8616","-20.91","0.2160","SL Hit","18200"
"2025-12-11T01:03:57.824637","ADA/USDT","short","0.4716","0.4418","143.12977099236642","10","3.9705","63.19","0.0253","take_profit_3","17303"
"2025-12-11T00:52:52.023292","BNB/USDT","long","899.36","881.33","0.30021348514499197","10","-5.6288","-20.05","0.2160","SL Hit","6448"
"2025-12-11T00:52:15.414722","BCH/USDT","long","572.81","560.45","0.4713604860250345","10","-6.0420","-21.58","0.2160","SL Hit","4598"
"2025-12-11T00:50:58.851047","LTC/USDT","long","84.42","82.73","3.1982942430703623","10","-5.6211","-20.02","0.2160","SL Hit","9383"
"2025-12-11T00:49:41.299693","XRP/USDT","short","2.1078","2.0219","32.02391118701964","10","2.6128","40.75","0.0259","take_profit_2","16373"
"2025-12-11T00:43:13.534279","DOGE/USDT","short","0.14736","0.14146","458.0618892508144","10","2.5684","40.04","0.0259","take_profit_2","20077"
"2025-12-11T00:20:43.651418","ETH/USDT","long","3316.5","3315.76","0.06105834464043419","10","-0.2342","-0.22","0.1890","Breakeven SL","87626"
"2025-12-10T23:30:25.733121","BCH/USDT","short","579.84","572.88","0.4656456953642384","10","3.0249","12.00","0.2160","signal_reversal","170706"
"2025-12-10T23:00:12.109028","BNB/USDT","short","899.35","898.88","0.3002168232612442","10","-0.0749","0.52","0.2160","signal_reversal","168002"
"2025-12-10T22:40:17.226990","JUP/USDT","short","0.2369","0.2289","569.8607007176024","10","4.3969","33.77","0.1620","TSL Hit","8870"
"2025-12-10T22:18:50.306542","AVAX/USDT","long","14.42","14.125","18.723994452149793","10","-5.7396","-20.46","0.2160","SL Hit","5057"
"2025-12-10T22:18:48.906070","ADA/USDT","short","0.4716","0.4525","143.12977099236642","10","2.5972","40.50","0.0259","take_profit_2","7394"
"2025-12-10T22:14:33.004848","DOT/USDT","long","2.243","2.197","120.37449843958984","10","-5.7532","-20.51","0.2160","SL Hit","4686"
"2025-12-10T22:13:53.410514","JUP/USDT","short","0.2369","0.2272","284.9303503588012","10","2.6248","40.95","0.0259","take_profit_2","7286"
"2025-12-10T21:59:14.046911","DOGE/USDT","short","0.14736","0.14434","458.0618892508144","10","1.3285","20.49","0.0264","take_profit_1","10237"
"2025-12-10T20:54:29.513904","JUP/USDT","short","0.2369","0.232","284.9303503588012","10","1.3408","20.68","0.0264","take_profit_1","2522"
"2025-12-10T20:53:52.592868","ADA/USDT","short","0.4716","0.4618","143.12977099236642","10","1.3471","20.78","0.0264","take_profit_1","2297"
"2025-12-10T20:52:00.183811","XRP/USDT","short","2.1078","2.0654","32.02391118701964","10","1.3040","20.12","0.0265","take_profit_1","2112"
"2025-12-10T20:51:58.552211","AAVE/USDT","long","201.01","200.84","1.0074125665389781","10","-0.3603","-0.85","0.1890","Breakeven SL","4178"
"2025-12-10T20:51:55.608240","BTC/USDT","long","90590","92888.2","0.001490230709791368","10","3.2628","25.37","0.1620","TSL Hit","161500"
"2025-12-10T20:16:42.311583","BTC/USDT","long","90590","94330.1","0.0007451153548956839","10","2.8737","41.29","0.0281","take_profit_2","159387"
"2025-12-10T20:14:55.331331","NEAR/USDT","short","1.804","1.845","149.66740576496673","10","-6.3524","-22.73","0.2160","SL Hit","3864"
"2025-12-10T20:14:54.958609","DOT/USDT","short","2.256","2.302","119.68085106382979","10","-5.7213","-20.39","0.2160","SL Hit","3941"
"2025-12-10T20:13:39.258432","AAVE/USDT","long","201.01","205.13","0.33580418884632607","10","1.3843","20.50","0.0276","take_profit_1","1879"
"2025-12-10T20:13:37.829238","FIL/USDT","short","1.508","1.54","179.0450928381963","10","-5.9454","-21.22","0.2160","SL Hit","3826"
"2025-12-10T20:12:20.527605","SUI/USDT","short","1.656","1.6895","163.04347826086956","10","-5.6780","-20.23","0.2160","SL Hit","3859"
"2025-12-10T19:42:11.832783","ZEC/USDT","long","404.82","425.33","0.16674077367718987","10","3.2849","50.66","0.1350","TSL Hit","157279"
"2025-12-10T19:10:24.633359","ETH/USDT","long","3316.5","3387.69","0.0203527815468114","10","1.4524","21.47","0.0276","take_profit_1","69007"
"2025-12-10T19:08:31.815268","ZEC/USDT","long","404.82","429.36","0.16674077367718987","10","4.3112","60.62","0.0286","take_profit_3","155259"
"2025-12-10T00:00:14.110941","ZEC/USDT","long","404.82","433.23","0.16674077367718987","10","5.0407","70.18","0.0289","take_profit_2","86362"
"2025-12-10T00:00:13.374564","BTC/USDT","long","90590","92629.2","0.0007451153548956839","10","1.5260","22.51","0.0276","take_profit_1","86398"
"2025-12-10T00:00:13.006797","NEAR/USDT","short","1.737","1.81","155.440414507772","10","-11.5632","-42.03","0.2160","SL Hit","166816"
"2025-12-10T00:00:12.626053","DOGE/USDT","short","0.14062","0.14792","1920.0682690940123","10","-14.2325","-51.91","0.2160","SL Hit","167293"
"2025-12-10T00:00:12.226732","SOL/USDT","short","132.72","137.75","2.034358047016275","10","-10.4488","-37.90","0.2160","SL Hit","167624"
"2025-12-10T00:00:11.796799","AAVE/USDT","short","189.12","202.31","1.4276649746192893","10","-19.0469","-69.74","0.2160","SL Hit","168773"
"2025-12-09T00:21:56.964073","ETH/USDT","short","3078.3","3140.6","0.08771074943962576","10","-5.6804","-20.24","0.2160","SL Hit","83415"
"2025-12-09T00:17:35.323904","JUP/USDT","short","0.2229","0.2274","1211.305518169583","10","-5.6669","-20.19","0.2160","SL Hit","80944"
"2025-12-09T00:15:37.522782","ADA/USDT","short","0.4257","0.4343","634.2494714587738","10","-5.6705","-20.20","0.2160","SL Hit","81379"
"2025-12-09T00:12:35.350529","ZEC/USDT","long","404.82","413.13","0.16674077367718987","10","1.3865","20.53","0.0276","take_profit_1","703"
"2025-12-09T00:00:10.886106","LTC/USDT","short","81.66","83.82","3.3063923585598824","10","-7.3578","-26.45","0.2160","SL Hit","81648"
"2025-12-09T00:00:09.182171","BCH/USDT","long","593.91","578.76","0.4546143355053796","10","-7.1034","-25.51","0.2160","SL Hit","82635"
"2025-12-08T05:03:24.655858","BNB/USDT","short","897.53","901.52","0.3008255991443183","10","-1.4163","-4.45","0.2160","signal_reversal","16170"
"2025-12-08T01:48:21.901619","ZEC/USDT","short","343.6","350.58","0.7857974388824214","10","-5.7009","-20.31","0.2160","SL Hit","6331"
"2025-12-08T01:39:11.788021","LINK/USDT","short","13.724","14.014","19.67356455843777","10","-5.9213","-21.13","0.2160","SL Hit","30165"
"2025-12-08T01:39:11.370213","AVAX/USDT","short","13.355","13.63","20.217147135904156","10","-5.7757","-20.59","0.2160","SL Hit","33819"
"2025-12-08T01:31:51.818099","BTC/USDT","short","89473.8","91265.8","0.003017643153638272","10","-5.6236","-20.03","0.2160","SL Hit","45675"
"2025-12-08T00:00:57.770559","DOGE/USDT","long","0.13491","0.13841","1000.6671114076049","10","3.3403","25.94","0.1620","TSL Hit","34526"
"2025-12-08T00:00:21.062468","JUP/USDT","long","0.2147","0.22","628.7843502561714","10","3.1706","24.69","0.1620","TSL Hit","33169"
"2025-12-07T17:25:12.822260","BCH/USDT","short","576.94","588.81","0.46798627240267615","10","-5.7710","-20.57","0.2160","SL Hit","6414"
"2025-12-07T17:25:11.299519","DOGE/USDT","long","0.13491","0.14054","500.3335557038025","10","2.9063","41.73","0.0281","take_profit_2","10779"
"2025-12-07T17:22:44.660108","ETH/USDT","short","3017.7","3078.36","0.08947211452430659","10","-5.6434","-20.10","0.2160","SL Hit","5209"
"2025-12-07T17:22:41.700138","XRP/USDT","short","2.0318","2.0726","132.8870951865341","10","-5.6378","-20.08","0.2160","SL Hit","62989"
"2025-12-07T17:22:05.210185","JUP/USDT","long","0.2147","0.2235","314.3921751280857","10","2.8519","40.99","0.0281","take_profit_2","9273"
"2025-12-07T17:18:54.848847","AAVE/USDT","short","188.79","189.14","1.072620371841729","10","-0.5644","-1.85","0.1890","Breakeven SL","16322"
"2025-12-07T17:16:57.739076","SOL/USDT","short","132.34","132.83","1.530149614628986","10","-0.9388","-3.70","0.1890","Breakeven SL","23083"
"2025-12-07T17:16:22.432292","BNB/USDT","short","894.24","894.99","0.22644927536231885","10","-0.3588","-0.84","0.1890","Breakeven SL","15909"
"2025-12-07T16:15:29.517946","ZEC/USDT","long","337.35","337.3","0.6002667852378835","10","-0.2190","-0.15","0.1890","Breakeven SL","3947"
"2025-12-07T16:05:45.325703","ZEC/USDT","long","337.35","344.49","0.20008892841262782","10","1.4313","21.16","0.0276","take_profit_1","3363"
"2025-12-07T15:55:50.392987","ADA/USDT","short","0.4174","0.4179","485.1461427886919","10","-0.4316","-1.20","0.1890","Breakeven SL","11374"
"2025-12-07T15:54:40.691977","JUP/USDT","long","0.2147","0.219","314.3921751280857","10","1.3514","20.03","0.0275","take_profit_1","4028"
"2025-12-07T15:54:39.860190","DOGE/USDT","long","0.13491","0.13781","500.3335557038025","10","1.4546","21.50","0.0276","take_profit_1","5348"
"2025-12-07T15:07:42.622359","SUI/USDT","short","1.5936","1.5375","84.71385542168676","10","4.5904","35.20","0.1620","TSL Hit","8338"
"2025-12-07T15:04:32.020753","ZEC/USDT","long","341.8","333.39","0.7899356348741954","10","-6.8594","-24.61","0.2160","SL Hit","2303"
"2025-12-07T14:47:22.862110","LTC/USDT","long","81.67","80.02","3.3059875107138486","10","-5.6709","-20.20","0.2160","SL Hit","59596"
"2025-12-07T14:25:30.616261","BNB/USDT","short","894.24","873.24","0.07548309178743962","10","1.5216","23.48","0.0264","take_profit_1","5657"
"2025-12-07T14:25:29.236469","SUI/USDT","short","1.5936","1.5162","42.35692771084338","10","3.0935","48.57","0.0257","take_profit_2","5804"
"2025-12-07T14:25:28.499792","AAVE/USDT","short","188.79","183.64","0.357540123947243","10","1.7648","27.28","0.0263","take_profit_1","5915"
"2025-12-07T14:25:27.758121","ADA/USDT","short","0.4174","0.4056","161.71538092956396","10","1.8281","28.27","0.0262","take_profit_1","5952"
"2025-12-07T14:25:26.736747","DOT/USDT","long","2.094","2.037","128.93982808022923","10","-7.5656","-27.22","0.2160","SL Hit","15415"
"2025-12-07T14:25:26.352040","ETH/USDT","long","3044.83","2910.63","0.0886749013902254","10","-12.1162","-44.07","0.2160","SL Hit","28825"
"2025-12-07T14:24:50.975709","SOL/USDT","short","132.34","129.61","0.5100498715429953","10","1.3373","20.63","0.0264","take_profit_1","12756"
"2025-12-07T13:39:02.992386","SUI/USDT","short","1.5936","1.5606","42.35692771084338","10","1.3424","20.71","0.0264","take_profit_1","3018"
"2025-12-07T12:49:52.449033","LINK/USDT","long","13.928","13.923","19.38541068351522","10","-0.3129","-0.36","0.2160","signal_reversal","52752"
"2025-12-07T12:48:38.268826","AVAX/USDT","long","13.363","13.414","20.205043777594852","10","0.8145","3.82","0.2160","signal_reversal","52543"
"2025-12-07T12:48:37.556446","DOGE/USDT","long","0.1395","0.1398","1935.4838709677417","10","0.3646","2.15","0.2160","signal_reversal","52577"
"2025-12-07T12:45:33.711911","BTC/USDT","long","89517.7","89372.2","0.0030161632839092157","10","-0.6549","-1.63","0.2160","signal_reversal","20449"
"2025-12-07T12:45:29.823800","BNB/USDT","long","892.76","892.48","0.30243290470003137","10","-0.3007","-0.31","0.2160","signal_reversal","52457"
"2025-12-07T10:52:10.751957","AAVE/USDT","long","187.66","188.98","1.438772247681978","10","1.6832","7.03","0.2160","signal_reversal","45447"
"2025-12-07T10:03:20.101646","DOT/USDT","long","2.139","2.096","126.2272089761571","10","-5.6438","-20.10","0.2160","SL Hit","42441"
"2025-12-07T07:02:07.372492","SOL/USDT","short","132.5","132.98","2.0377358490566038","10","-1.1941","-3.62","0.2160","signal_reversal","31413"
"2025-12-07T06:19:46.130106","ETH/USDT","short","3041.09","3045.19","0.08878395575270709","10","-0.5800","-1.35","0.2160","signal_reversal","29176"
"2025-12-06T23:52:46.297870","ZEC/USDT","short","334.55","342.85","0.807054251980272","10","-6.9146","-24.81","0.2160","SL Hit","6060"
"2025-12-06T22:09:12.632160","BNB/USDT","long","892.72","892.71","0.15122322788780357","5","-0.1095","-0.01","0.1080","manual_close","139"
"2025-12-06T22:09:12.541313","LTC/USDT","long","81.85","81.75","1.649358582773366","5","-0.2729","-0.61","0.1080","manual_close","1420"
"2025-12-06T22:09:12.448893","ETH/USDT","short","3042.49","3039.44","0.0443715509336103","5","0.0273","0.50","0.1080","manual_close","2272"
"2025-12-06T22:09:12.364572","DOT/USDT","long","2.137","2.137","63.172671970051475","5","-0.1080","0.00","0.1080","manual_close","2308"
"2025-12-06T22:09:12.239392","LINK/USDT","long","13.934","13.932","9.688531649203387","5","-0.1274","-0.07","0.1080","manual_close","2615"
"2025-12-06T22:09:12.111584","JUP/USDT","long","0.2286","0.2278","590.5511811023622","5","-0.5804","-1.75","0.1080","manual_close","3074"
"2025-12-06T22:09:12.002674","AVAX/USDT","long","13.359","13.401","10.105546822366943","5","0.3164","1.57","0.1080","manual_close","3224"
"2025-12-06T22:09:11.896096","AAVE/USDT","long","188.27","187.39","0.717055292930366","5","-0.7390","-2.34","0.1080","manual_close","3259"
"2025-12-06T22:09:11.801158","BCH/USDT","long","586.52","586.28","0.23017117915842597","5","-0.1632","-0.20","0.1080","manual_close","3296"
"2025-12-06T22:09:11.638562","ZEC/USDT","short","333.95","334.96","0.4042521335529271","5","-0.5163","-1.51","0.1080","manual_close","3331"
"2025-12-06T20:29:18.825090","AAVE/USDT","long","187.38","187.38","0.7204610951008645","5","-0.1080","0.00","0.1080","manual_close","4"
"2025-12-06T20:28:49.753173","AVAX/USDT","long","13.334","13.334","10.124493775311235","5","-0.1080","0.00","0.1080","manual_close","7"
"2025-12-06T20:28:16.685160","BNB/USDT","long","892.2","892.2","0.15131136516476126","5","-0.1080","0.00","0.1080","manual_close","5"
"2025-12-06T20:28:05.711357","SOL/USDT","long","133","132.22","1.0150375939849625","5","-0.8997","-2.93","0.1080","manual_close","7296"
"2025-12-06T20:28:05.598948","BTC/USDT","long","89690.5","89408.9","0.0015051761334812495","5","-0.5319","-1.57","0.1080","manual_close","7663"
"2025-12-06T20:28:05.514636","ZEC/USDT","short","341.99","332.11","0.2960612883417644","5","2.8306","14.44","0.0945","manual_close","20111"
"2025-12-06T20:28:05.439403","XRP/USDT","short","2.0451","2.027","66.0114419832771","5","1.0868","4.43","0.1080","manual_close","22162"
"2025-12-06T20:28:05.364594","NEAR/USDT","short","1.724","1.712","78.3062645011601","5","0.8317","3.48","0.1080","manual_close","24943"
"2025-12-06T20:28:05.269382","BCH/USDT","long","573.88","586.99","0.17643061267163868","5","2.2185","11.42","0.0945","manual_close","43596"
"2025-12-06T20:28:05.161602","SUI/USDT","long","1.5276","1.5449","66.28043990573448","5","1.0522","5.66","0.0945","manual_close","46738"
"2025-12-06T20:28:05.032880","ADA/USDT","long","0.4113","0.414","246.1706783369803","5","0.5702","3.28","0.0945","manual_close","46886"
"2025-12-06T20:28:04.928933","LTC/USDT","long","80.28","81.72","1.2612107623318385","5","1.7216","8.97","0.0945","manual_close","56740"
"2025-12-06T20:28:04.848364","DOGE/USDT","short","0.13861","0.13941","973.9557030517278","5","-0.8872","-2.89","0.1080","manual_close","80870"
"2025-12-06T18:26:22.003044","DOT/USDT","short","2.117","2.16","63.769485120453474","5","-2.8501","-10.16","0.1080","SL Hit","74443"
"2025-12-06T18:20:16.563289","FIL/USDT","short","1.467","1.498","92.02453987730061","5","-2.9608","-10.57","0.1080","SL Hit","73164"
"2025-12-06T18:18:28.627547","SUI/USDT","long","1.5276","1.5596","22.093479968578162","5","0.7080","10.47","0.0138","take_profit_1","38961"
"2025-12-06T18:17:49.325161","ADA/USDT","long","0.4113","0.4197","82.05689277899343","5","0.6896","10.21","0.0138","take_profit_1","39071"
"2025-12-06T15:17:58.919175","ZEC/USDT","short","341.99","334.76","0.09868709611392146","5","0.6852","10.57","0.0132","take_profit_1","1504"
"2025-12-06T14:52:45.995462","LINK/USDT","short","13.579","13.859","9.941821930922748","5","-2.8917","-10.31","0.1080","SL Hit","61701"
"2025-12-06T14:18:38.503643","LTC/USDT","long","80.28","81.97","0.4204035874439462","5","0.7117","10.53","0.0138","take_profit_1","34573"
"2025-12-06T14:18:36.153042","AAVE/USDT","short","183.76","187.84","0.7346538963865913","5","-3.1054","-11.10","0.1080","SL Hit","59613"
"2025-12-06T13:18:36.215806","NEAR/USDT","short","1.682","1.716","80.26159334126041","5","-2.8369","-10.11","0.1080","SL Hit","55024"
"2025-12-06T10:19:28.865148","BCH/USDT","long","573.88","585.39","0.05881020422387956","5","0.6767","10.03","0.0138","take_profit_1","7079"
"2025-12-06T08:21:18.429898","BTC/USDT","short","89230.1","89388.1","0.00151294238155062","5","-0.3470","-0.89","0.1080","signal_reversal","38311"
"2025-12-06T07:28:59.652067","ETH/USDT","short","3025.97","3031.33","0.04461379326298675","5","-0.3471","-0.89","0.1080","signal_reversal","35140"
"2025-12-06T07:26:33.381449","BNB/USDT","short","881.55","885.03","0.1531393568147014","5","-0.6409","-1.97","0.1080","signal_reversal","34782"
"2025-12-06T04:42:17.974166","SOL/USDT","short","132.47","133.32","1.0190986638484185","5","-0.9742","-3.21","0.1080","signal_reversal","25107"
"2025-12-05T18:52:16.358271","XRP/USDT","short","2.0998","2.015","12.501190589579961","5","1.0072","20.19","0.0101","take_profit_2","73135"
"2025-12-05T18:51:01.304337","ZEC/USDT","short","384.96","361.63","0.06818890274314215","5","1.4846","30.30","0.0099","take_profit_3","18607"
"2025-12-05T16:49:24.844637","SUI/USDT","short","1.6569","1.5543","15.842839036755388","5","1.5150","30.96","0.0098","take_profit_3","65917"
"2025-12-05T16:42:47.618890","DOGE/USDT","long","0.14085","0.1377","745.4739084132057","5","-2.4322","-11.18","0.0840","stop_loss","2053"
"2025-12-05T16:41:28.622396","AAVE/USDT","short","190.98","183.21","0.1374489475337732","5","1.0145","20.34","0.0101","take_profit_2","66091"
"2025-12-05T16:41:27.772821","LTC/USDT","short","83.65","80.23","0.3138075313807532","5","1.0193","20.44","0.0101","take_profit_2","66352"
"2025-12-05T16:40:56.378110","ETH/USDT","short","3144.19","3016.73","0.008348732105884188","5","1.0109","20.27","0.0101","take_profit_2","5752"
"2025-12-05T16:39:42.514634","BTC/USDT","short","92312.2","88509.1","0.00028436111369894773","5","1.0268","20.60","0.0101","take_profit_2","34239"
"2025-12-05T16:36:37.086097","NEAR/USDT","short","1.795","1.686","14.623955431754878","5","1.4874","30.36","0.0099","take_profit_3","65111"
"2025-12-05T16:34:47.016180","SUI/USDT","short","1.6569","1.5899","15.842839036755388","5","1.0085","20.22","0.0101","take_profit_2","65039"
"2025-12-05T16:09:09.161739","ZEC/USDT","short","384.96","366.28","0.06818890274314215","5","1.2020","24.26","0.0100","take_profit_2","8895"
"2025-12-05T16:08:31.643831","DOT/USDT","long","2.225","2.176","47.19101123595506","5","-2.3964","-11.01","0.0840","stop_loss","16415"
"2025-12-05T16:07:56.461877","ETH/USDT","short","3144.19","3072.1","0.008348732105884188","5","0.5778","11.46","0.0103","take_profit_1","3772"
"2025-12-05T16:07:49.969432","AAVE/USDT","short","190.98","186.64","0.1374489475337732","5","0.5727","11.36","0.0103","take_profit_1","64072"
"2025-12-05T16:05:25.065565","AVAX/USDT","short","14.426","13.556","1.8196312214057953","5","1.4777","30.15","0.0099","take_profit_3","63316"
"2025-12-05T15:05:01.853600","BNB/USDT","long","902.56","896.52","0.11633575607161853","5","-0.7867","-3.35","0.0840","signal_reversal","25454"
"2025-12-05T14:15:36.940280","ZEC/USDT","short","384.96","374.01","0.06818890274314215","5","0.7152","14.22","0.0102","take_profit_1","2083"
"2025-12-05T13:46:55.651828","NEAR/USDT","short","1.795","1.723","14.623955431754878","5","1.0006","20.06","0.0101","take_profit_2","54930"
"2025-12-05T13:41:28.464742","BTC/USDT","short","92312.2","90448.2","0.00028436111369894773","5","0.5091","10.10","0.0103","take_profit_1","23545"
"2025-12-05T13:40:49.917443","ETH/USDT","long","3165.19","3101.5","0.03317336400026539","5","-2.1968","-10.06","0.0840","stop_loss","30730"
"2025-12-05T11:25:03.620301","AVAX/USDT","short","14.426","13.832","1.8196312214057953","5","1.0263","20.59","0.0101","take_profit_2","46494"
"2025-12-05T11:04:58.320401","ZEC/USDT","long","384.58","376.87","0.1365125591554423","5","-1.1155","-10.02","0.0630","stop_loss","22850"
"2025-12-05T10:03:31.024961","LTC/USDT","short","83.65","81.97","0.3138075313807532","5","0.5063","10.04","0.0103","take_profit_1","42476"
"2025-12-05T09:43:28.234547","XRP/USDT","short","2.0998","2.0569","12.501190589579961","5","0.5151","10.22","0.0103","take_profit_1","40207"
"2025-12-05T09:19:45.768913","NEAR/USDT","short","1.795","1.758","14.623955431754878","5","0.5196","10.31","0.0103","take_profit_1","38900"
"2025-12-05T09:16:07.295234","SUI/USDT","short","1.6569","1.622","15.842839036755388","5","0.5310","10.53","0.0103","take_profit_1","38720"
"2025-12-05T09:06:25.162014","AVAX/USDT","short","14.426","14.135","1.8196312214057953","5","0.5085","10.09","0.0103","take_profit_1","38176"
"2025-12-05T08:00:43.780254","BCH/USDT","long","573.6","575.15","0.18305439330543935","5","0.1997","1.35","0.0840","signal_reversal","12017"
"2025-12-05T07:09:00.688081","JUP/USDT","long","0.2416","0.2443","434.6026490066226","5","1.0894","5.59","0.0840","signal_reversal","11484"
"2025-12-05T06:34:54.625833","ZEC/USDT","long","384.58","402.91","0.06825627957772117","5","1.2998","23.83","0.0110","take_profit_2","6647"
"2025-12-05T06:20:56.152281","ZEC/USDT","long","384.58","392.34","0.06825627957772117","5","0.5296","10.09","0.0107","take_profit_1","5808"
"2025-12-05T05:05:17.496592","BNB/USDT","short","900.29","903.77","0.11662908618334095","5","-0.4899","-1.93","0.0840","signal_reversal","24617"
"2025-12-05T04:43:59.452406","ETH/USDT","short","3132.1","3154.61","0.03352383384949396","5","-0.8386","-3.59","0.0840","signal_reversal","23372"
"2025-12-05T04:35:09.880787","BCH/USDT","short","576.77","575.39","0.1820483034831909","5","0.1672","1.20","0.0840","signal_reversal","22739"
"2025-12-05T03:57:27.197832","BTC/USDT","short","92268.1","92072.3","0.0011379881020634436","5","0.1388","1.06","0.0840","signal_reversal","20611"
"2025-12-04T22:12:26.636194","AAVE/USDT","short","191.02","190.87","0.5496806617108156","5","-0.0015","0.39","0.0840","manual_close","118"
"2025-12-04T22:12:26.550552","ZEC/USDT","long","358.48","364.35","0.2929033697835305","5","1.6353","8.19","0.0840","manual_close","963"
"2025-12-04T22:12:26.472260","LTC/USDT","short","83.92","83.61","1.2511916110581507","5","0.3039","1.85","0.0840","manual_close","3434"
"2025-12-04T22:12:26.407800","BCH/USDT","short","574.5","576.61","0.18276762402088775","5","-0.4696","-1.84","0.0840","manual_close","3470"
"2025-12-04T22:12:26.334909","LINK/USDT","short","14.311","14.218","7.3370134861295515","5","0.5983","3.25","0.0840","manual_close","3505"
"2025-12-04T22:12:26.264221","BNB/USDT","short","901.63","900.47","0.11645575235961537","5","0.0511","0.64","0.0840","manual_close","3539"
"2025-12-04T22:12:26.179637","ETH/USDT","short","3143","3133.24","0.0334075723830735","5","0.2421","1.55","0.0840","manual_close","3571"
"2025-12-04T22:12:26.055560","BTC/USDT","short","92537.6","92248.4","0.00113467390552597","5","0.2441","1.56","0.0840","manual_close","3602"
"2025-12-04T21:09:40.768381","ETH/USDT","short","3146.35","3147.09","0.06674400495812609","10","-0.2174","-0.24","0.1680","manual_close","181"
"2025-12-04T21:09:40.696998","BNB/USDT","short","902.1","902.88","0.23279015630196212","10","-0.3496","-0.86","0.1680","manual_close","1127"
"2025-12-04T21:09:40.616152","LINK/USDT","short","14.304","14.346","14.681208053691277","10","-0.7846","-2.94","0.1680","manual_close","1394"
"2025-12-04T21:09:40.516850","BTC/USDT","short","92154.7","92570.4","0.0022787768827851433","10","-1.1153","-4.51","0.1680","manual_close","1761"
"2025-12-04T19:32:08.311687","BTC/USDT","short","92474.7","91360","0.0022708913897530898","10","2.3634","12.05","0.1680","manual_close","15567"
"2025-12-04T19:32:08.215150","SOL/USDT","short","143.24","138.84","1.0995531974308854","10","4.6910","30.72","0.1470","manual_close","17708"
"2025-12-04T19:32:08.017252","ETH/USDT","short","3183.01","3093.8","0.049481465656721166","10","4.2672","28.03","0.1470","manual_close","21785"
"2025-12-04T19:32:07.854282","BNB/USDT","short","910.29","893.35","0.17302178426655246","10","2.7840","18.61","0.1470","manual_close","24626"
"2025-12-04T19:32:07.716394","XRP/USDT","long","2.1396","2.0853","98.1491867638811","10","-5.4975","-25.38","0.1680","manual_close","25354"
"2025-12-04T19:20:42.439667","BNB/USDT","short","910.29","891.14","0.057673928088850815","10","1.0607","21.04","0.0206","take_profit_1","23940"
"2025-12-04T19:10:43.058047","ETH/USDT","short","3183.01","3116.59","0.01649382188557372","10","1.0521","20.87","0.0206","take_profit_1","20500"
"2025-12-04T18:56:05.842801","SOL/USDT","short","143.24","140.33","0.3665177324769618","10","1.0243","20.32","0.0206","take_profit_1","15545"
"2025-12-04T12:26:54.958772","XRP/USDT","long","2.1395","2.1415","98.15377424631924","10","0.0283","0.93","0.1680","manual_close","351"
"2025-12-04T12:20:03.295129","ETH/USDT","short","3191.58","3183.6","0.06579813133307015","10","0.3571","2.50","0.1680","manual_close","249"
"2025-12-04T12:20:03.077560","SOL/USDT","short","143.39","142.72","1.464537275960667","10","0.8132","4.67","0.1680","manual_close","944"
"2025-12-04T11:46:03.342718","XRP/USDT","long","2.1425","2.1439","98.01633605600935","10","-0.0308","0.65","0.1680","manual_close","291"
"2025-12-04T11:46:03.252688","ETH/USDT","short","3192.02","3177.6","0.06578906147204593","10","0.7807","4.52","0.1680","manual_close","893"
"2025-12-04T11:46:03.103847","SOL/USDT","short","143.43","142.73","1.4641288433382138","10","0.8569","4.88","0.1680","manual_close","924"
"2025-12-04T11:25:17.189766","BNB/USDT","short","912.59","909.79","0.23011429009741508","10","0.4763","3.07","0.1680","manual_close","8317"
"2025-12-04T11:25:17.106337","SOL/USDT","short","143.88","143.14","1.4595496246872397","10","0.9121","5.14","0.1680","manual_close","12054"
"2025-12-04T11:25:17.030320","BTC/USDT","short","93233.8","93111.2","0.0022524020258747365","10","0.1081","1.31","0.1680","manual_close","13176"
"2025-12-04T11:25:16.940837","LINK/USDT","short","14.518","14.487","14.464802314368372","10","0.2804","2.14","0.1680","manual_close","13707"
"2025-12-04T11:25:16.834954","ETH/USDT","long","3196.27","3187.23","0.06570158340816015","10","-0.7619","-2.83","0.1680","manual_close","13840"
"2025-12-04T07:17:26.949246","DOGE/USDT","long","0.14916","0.14941","1407.8841512469835","10","0.1840","1.68","0.1680","manual_close","291"
"2025-12-04T06:54:30.744564","SOL/USDT","long","144.44","143.86","1.4538908889504294","10","-1.0113","-4.02","0.1680","manual_close","18316"
"2025-12-04T06:54:30.677095","BTC/USDT","long","93250","93075.3","0.00225201072386059","10","-0.5614","-1.87","0.1680","manual_close","24296"
"2025-12-04T06:54:30.598419","DOGE/USDT","short","0.15255","0.15033","1376.5978367748282","10","2.8880","14.55","0.1680","manual_close","29155"
"2025-12-04T06:54:30.529815","XRP/USDT","short","2.207","2.1796","95.15178975985502","10","2.4392","12.42","0.1680","manual_close","32162"
"2025-12-04T06:54:30.360708","ADA/USDT","short","0.4513","0.4525","465.32240194992255","10","-0.7264","-2.66","0.1680","manual_close","32260"
"2025-12-03T21:51:14.214738","ADA/USDT","short","0.4497","0.4502","466.9779853235491","10","-0.4015","-1.11","0.1680","manual_close","551"
"2025-12-03T21:51:14.129574","LINK/USDT","long","14.418","14.429","14.56512692467749","10","-0.0078","0.76","0.1680","manual_close","916"
"2025-12-03T21:34:09.751950","LINK/USDT","long","14.416","14.418","14.567147613762488","10","-0.1389","0.14","0.1680","manual_close","410"
"2025-12-03T21:13:23.676281","SOL/USDT","long","141.59","142.07","1.4831555900840456","10","0.5439","3.39","0.1680","manual_close","815"
"2025-12-03T21:13:23.447075","ADA/USDT","short","0.4488","0.4479","467.9144385026739","10","0.2531","2.01","0.1680","manual_close","1222"
"2025-12-03T20:22:13.510120","SOL/USDT","short","141.18","140.91","1.4874628134296644","10","0.2336","1.91","0.1680","manual_close","363"
"2025-12-03T16:36:46.769187","BNB/USDT","long","827.83","902.38","0.06341881787323488","10","4.6229","90.05","0.1050","signal_reversal","135495"
"2025-12-03T14:42:04.489556","SOL/USDT","long","138.63","142.4","1.1361177234364859","10","4.1362","27.19","0.1470","signal_reversal","63905"
"2025-12-03T14:02:32.101916","DOGE/USDT","short","0.15117","0.14768","347.2911291923001","10","1.1635","23.09","0.0205","take_profit_1","28626"
"2025-12-03T06:04:15.430867","ETH/USDT","long","2790.01","3074.81","0.018817136856140303","10","5.8830","102.08","0.0231","take_profit_4","78330"
"2025-12-03T04:39:40.178887","SOL/USDT","long","138.63","141.54","0.37870590781216196","10","1.1037","20.99","0.0214","take_profit_1","27761"
"2025-12-03T04:27:58.337401","BTC/USDT","long","91259.7","93091.8","0.0005752813125618428","10","1.0537","20.08","0.0214","take_profit_1","29335"
"2025-12-03T02:28:15.228987","XRP/USDT","long","2.1427","2.188","24.501796798431887","10","1.1120","21.14","0.0214","take_profit_1","6808"
"2025-12-03T00:34:44.669763","ADA/USDT","short","0.4288","0.4302","489.7388059701493","10","-0.8536","-3.26","0.1680","signal_reversal","31655"
"2025-12-02T20:56:56.302607","DOGE/USDT","short","0.14531","0.14496","1445.1861537402797","10","0.3378","2.41","0.1680","signal_reversal","18926"
"2025-12-02T17:26:52.891563","BNB/USDT","long","827.83","877.64","0.06341881787323485","10","3.3267","60.17","0.0223","take_profit_3","52101"
"2025-12-02T16:37:20.725285","SOL/USDT","long","126.47","139.23","1.1102230246251565e-16","10","-0.0840","100.89","0.0840","take_profit","37713"
"2025-12-02T16:37:20.583919","SOL/USDT","long","126.47","139.23","0.41511820985213893","10","5.8082","100.89","0.0231","take_profit_4","37713"
"2025-12-02T15:42:01.968577","ADA/USDT","short","0.4054","0.4262","518.0069067587568","10","-10.9425","-51.31","0.1680","stop_loss","2740"
"2025-12-02T15:41:26.138568","LINK/USDT","long","11.986","13.193","4.380110128483229","10","5.7961","100.70","0.0231","take_profit_4","44170"
"2025-12-02T15:15:15.198432","ETH/USDT","long","2790.01","2962.74","0.018817136856140303","10","3.4292","61.91","0.0223","take_profit_3","24990"
"2025-12-02T15:06:54.510325","SOL/USDT","long","126.47","134.11","0.41511820985213893","10","3.3408","60.41","0.0223","take_profit_3","32287"
"2025-12-02T15:03:33.597051","BNB/USDT","long","827.83","861.27","0.06341881787323485","10","2.1845","40.39","0.0218","take_profit_2","43502"
"2025-12-02T14:56:17.572948","DOGE/USDT","short","0.13449","0.14129","1561.4543832255188","10","-10.7859","-50.56","0.1680","stop_loss","64010"
"2025-12-02T14:50:06.264966","LINK/USDT","long","11.986","12.711","4.3801101284832304","10","3.3454","60.49","0.0223","take_profit_3","41090"
"2025-12-02T14:45:39.156882","ETH/USDT","long","2790.01","2903.21","0.018817136856140303","10","2.1947","40.57","0.0219","take_profit_2","23214"
"2025-12-02T14:26:42.597832","SOL/USDT","long","126.47","131.78","0.41511820985213893","10","2.2749","41.99","0.0219","take_profit_2","29875"
"2025-12-02T14:17:47.852233","LINK/USDT","long","11.986","12.467","4.3801101284832304","10","2.1695","40.13","0.0218","take_profit_2","39152"
"2025-12-02T13:58:21.056586","ETH/USDT","long","2790.01","2846.08","0.018817136856140303","10","1.0549","20.10","0.0214","take_profit_1","20376"
"2025-12-02T13:11:05.431776","SOL/USDT","long","126.47","129.19","0.41511820985213893","10","1.1320","21.51","0.0215","take_profit_1","25338"
"2025-12-02T11:53:05.298985","BNB/USDT","long","827.83","844.41","0.06341881787323485","10","1.0511","20.03","0.0214","take_profit_1","32073"
"2025-12-02T11:30:48.408272","LINK/USDT","long","11.986","12.23","4.3801101284832304","10","1.0691","20.36","0.0214","take_profit_1","29132"
"2025-12-02T08:18:39.429056","BTC/USDT","short","85795.9","86640.3","0.00244766941077604","10","-2.2348","-9.84","0.1680","signal_reversal","40185"
"2025-12-02T06:08:44.070254","ETH/USDT","short","2765.1","2798.16","0.0759466203753933","10","-2.6788","-11.96","0.1680","signal_reversal","32453"
"2025-12-02T03:25:12.230197","SOL/USDT","short","124.92","126.17","1.681075888568684","10","-2.2693","-10.01","0.1680","signal_reversal","22610"
"2025-12-02T02:58:30.539529","LINK/USDT","short","11.983","12.035","17.52482683802053","10","-1.0793","-4.34","0.1680","signal_reversal","20909"
"2025-12-01T21:06:37.544361","SOL/USDT","short","124.29","124.37","1.689596910451364","10","-0.3032","-0.64","0.1680","stop_loss","30"
"2025-12-01T21:06:06.083310","ETH/USDT","short","2758.83","2760.07","0.07611922445384457","10","-0.2624","-0.45","0.1680","stop_loss","30"
"2025-12-01T21:01:21.481771","LINK/USDT","short","11.943","11.96","17.583521728208996","10","-0.4669","-1.42","0.1680","stop_loss","30"
"2025-12-01T21:00:48.970888","SOL/USDT","short","124.31","124.34","1.6893250744107475","10","-0.2187","-0.24","0.1680","stop_loss","30"
"2025-12-01T21:00:17.365631","ETH/USDT","short","2756.15","2756.38","0.07619324057108649","10","-0.1855","-0.08","0.1680","stop_loss","30"
"2025-12-01T20:59:14.461825","DOGE/USDT","short","0.13389","0.13376","1568.4517140936591","10","0.0359","0.97","0.1680","stop_loss","30"
"2025-12-01T20:55:30.981475","LINK/USDT","short","11.92","11.923","17.617449664429532","10","-0.2209","-0.25","0.1680","stop_loss","30"
"2025-12-01T20:54:58.131889","SOL/USDT","short","124.37","124.28","1.688510090857924","10","-0.0160","0.72","0.1680","stop_loss","30"
"2025-12-01T20:54:26.490108","ETH/USDT","short","2752.05","2753.93","0.07630675314765357","10","-0.3115","-0.68","0.1680","stop_loss","30"
"2025-12-01T00:18:47.819590","DOGE/USDT","long","0.14308","0.14219","698.909700866648","10","-0.7020","-6.22","0.0800","stop_loss","395"
"2025-12-01T00:13:18.546629","ADA/USDT","long","0.4037","0.4013","247.70869457517958","10","-0.6745","-5.95","0.0800","stop_loss","99"
"2025-12-01T00:06:50.354344","DOGE/USDT","long","0.14545","0.14469","687.5214850464077","10","-0.6025","-5.23","0.0800","stop_loss","97"
"2025-12-01T00:06:49.988248","XRP/USDT","long","2.1476","2.1341","46.56360588563978","10","-0.7086","-6.29","0.0800","stop_loss","129"
"2025-12-01T00:06:17.815395","ADA/USDT","long","0.4126","0.4105","242.36548715462916","10","-0.5890","-5.09","0.0800","stop_loss","31"
"2025-11-30T23:59:16.231939","XRP/USDT","long","2.1654","2.1536","46.18084418583172","10","-0.6249","-5.45","0.0800","stop_loss","1497"
"2025-11-30T23:59:15.869041","ADA/USDT","long","0.4185","0.4143","238.94862604540026","10","-1.0836","-10.04","0.0800","stop_loss","1631"
"2025-11-30T23:59:15.426547","DOGE/USDT","long","0.14678","0.14598","681.2917291184085","10","-0.6250","-5.45","0.0800","stop_loss","1663"
"2025-11-30T23:50:42.625023","ETH/USDT","short","3026.14","2995.1","0.033045397767452925","10","0.9457","10.26","0.0800","take_profit","6042"
"2025-11-30T23:28:46.940829","XRP/USDT","long","2.1808","2.1694","45.8547322083639","10","-0.6027","-5.23","0.0800","stop_loss","7558"
"2025-11-30T23:27:08.724349","SOL/USDT","short","137.6","135.99","0.7267441860465117","10","1.0901","11.70","0.0800","take_profit","1596"
"2025-11-30T23:19:52.003555","BNB/USDT","long","888.81","884.21","0.11250998526119194","10","-0.5975","-5.18","0.0800","stop_loss","6559"
"2025-11-30T22:48:11.070296","LINK/USDT","long","13.283","13.215","7.528419784687195","10","-0.5919","-5.12","0.0800","stop_loss","5522"
"2025-11-30T21:24:59.832092","BNB/USDT","long","894.83","890.19","0.11175307041560967","10","-0.5985","-5.19","0.0800","stop_loss","565"
"2025-11-30T15:06:56.395251","ADA/USDT","short","0.4256","0.4211","234.9624060150376","10","0.9773","10.57","0.0800","take_profit","3881"
"2025-11-30T13:24:18.242369","BTC/USDT","long","90859.9","91797.4","0.0011005955322424964","10","0.9518","10.32","0.0800","take_profit","33686"
"2025-11-30T13:20:31.579514","ETH/USDT","long","3005.6","3036.48","0.03327122704285334","10","0.9474","10.27","0.0800","take_profit","7289"
"2025-11-30T13:19:58.203945","SOL/USDT","long","136.53","137.9","0.7324397568300007","10","0.9234","10.03","0.0800","take_profit","7290"
"2025-11-30T13:04:13.419796","BNB/USDT","long","874.41","884.94","0.11436282750654728","10","1.1242","12.04","0.0800","take_profit","30008"
"2025-11-30T12:46:34.454211","LINK/USDT","short","13.046","13.113","7.665184730952016","10","-0.5936","-5.14","0.0800","stop_loss","21644"
"2025-11-30T09:12:42.188522","SOL/USDT","short","136.16","136.86","0.7344300822561692","10","-0.5941","-5.14","0.0800","stop_loss","44211"
"2025-11-30T08:25:23.565943","DOGE/USDT","short","0.14876","0.14954","672.2237160527023","10","-0.6043","-5.24","0.0800","stop_loss","40989"
"2025-11-30T06:45:48.317568","ETH/USDT","long","2996.92","2996.51","0.033367590726479185","10","-0.0937","-0.14","0.0800","signal_reversal","8242"
"2025-11-30T04:38:56.898490","BNB/USDT","short","875.83","875.05","0.11417740885788337","10","0.0091","0.89","0.0800","signal_reversal","2670"
"2025-11-30T03:48:53.574958","BNB/USDT","short","871.7","876.19","0.1147183664104623","10","-0.5951","-5.15","0.0800","stop_loss","1569"
"2025-11-30T03:45:01.599775","BTC/USDT","long","90824.8","90854.4","0.0011010208665474628","10","-0.0474","0.33","0.0800","signal_reversal","3842"
"2025-11-30T03:42:45.579615","ETH/USDT","short","2978.89","2994.31","0.03356955107439348","10","-0.5976","-5.18","0.0800","stop_loss","1234"
"2025-11-30T03:19:56.508175","LINK/USDT","short","13.099","12.964","7.6341705473700285","10","0.9506","10.31","0.0800","take_profit","4007"
"2025-11-30T03:17:06.249633","BNB/USDT","long","877","872.61","0.11402508551881414","10","-0.5806","-5.01","0.0800","stop_loss","6561"
"2025-11-30T02:08:05.533126","LINK/USDT","short","13.039","13.108","7.669299792928906","10","-0.6092","-5.29","0.0800","stop_loss","18632"
"2025-11-30T01:07:59.801104","ETH/USDT","short","2991.49","3006.63","0.03342815787450401","10","-0.5861","-5.06","0.0800","stop_loss","15696"
"2025-11-30T01:02:54.889606","BTC/USDT","short","90653","90856.6","0.0011031074536970646","10","-0.3046","-2.25","0.0800","signal_reversal","16053"
